<?xml version="1.0" encoding="utf-8" standalone="no"?>
<manifest identifier="ÁL.FarosEducacional.Módulo2.32e088ff-1ab8-40e3-8c93-4ac097334eea" version="1" xmlns:adlcp="http://www.adlnet.org/xsd/adlcp_rootv1p2" xmlns="http://www.imsproject.org/xsd/imscp_rootv1p1p2" xmlns:xsi="http://www.w3.org/2001/XMLSchema-instance" xsi:schemaLocation="http://www.imsproject.org/xsd/imscp_rootv1p1p2 imscp_rootv1p1p2.xsd http://www.imsglobal.org/xsd/imsmd_rootv1p2p1 imsmd_rootv1p2p1.xsd http://www.adlnet.org/xsd/adlcp_rootv1p2 adlcp_rootv1p2.xsd">
  <metadata>
    <schema>ADL SCORM</schema>
    <schemaversion>1.2</schemaversion>
    <adlcp:location>metadata.xml</adlcp:location>
  </metadata>
  <organizations default="Faros_Educacional">
    <organization identifier="Faros_Educacional">
      <title>Módulo 2</title>
      <item identifier="item_ÁL.FarosEducacional.Módulo2.32e088ff-1ab8-40e3-8c93-4ac097334eea" identifierref="resource_ÁL.FarosEducacional.Módulo2.32e088ff-1ab8-40e3-8c93-4ac097334eea">
        <title>Módulo 2</title>
        <adlcp:masteryscore>80</adlcp:masteryscore>
        <metadata>
          <schema>ADL SCORM</schema>
          <schemaversion>1.2</schemaversion>
          <adlcp:location>metadata.xml</adlcp:location>
        </metadata>
      </item>
      <metadata>
        <schema>ADL SCORM</schema>
        <schemaversion>1.2</schemaversion>
        <adlcp:location>metadata.xml</adlcp:location>
      </metadata>
    </organization>
  </organizations>
  <resources>
    <metadata>
      <schema>ADL SCORM</schema>
      <schemaversion>1.2</schemaversion>
      <adlcp:location>metadata.xml</adlcp:location>
    </metadata>
    <resource identifier="resource_ÁL.FarosEducacional.Módulo2.32e088ff-1ab8-40e3-8c93-4ac097334eea" type="webcontent" href="index.html" adlcp:scormtype="sco">
      <metadata>
        <schema>ADL SCORM</schema>
        <schemaversion>1.2</schemaversion>
        <adlcp:location>metadata.xml</adlcp:location>
      </metadata>
      <file href="asset-manifest.json"/>
      <file href="favicon.ico"/>
      <file href="index.html"/>
      <file href="logo192.png"/>
      <file href="logo512.png"/>
      <file href="manifest.json"/>
      <file href="rei.png"/>
      <file href="robots.txt"/>
      <file href="static/css/main.9e6376b0.css"/>
      <file href="static/css/main.9e6376b0.css.map"/>
      <file href="static/js/main.180d5bbb.js"/>
      <file href="static/js/main.180d5bbb.js.LICENSE.txt"/>
      <file href="static/js/main.180d5bbb.js.map"/>
      <file href="static/media/cartas%20baixo.af3f7e90bfeca4b080e3.png"/>
      <file href="static/media/comunidades.5b3b0600bed204dc119b.png"/>
      <file href="static/media/formas%20dir.6ab639f3a748fd542d3a.png"/>
      <file href="static/media/formas%20esq.ac1765c78ca03eba01c9.png"/>
      <file href="static/media/fundo.63371f8e4693249606b2.png"/>
      <file href="static/media/overlay%20foto%20popup.3983c3b5ab363134c0f8.png"/>
      <file href="static/media/pergunta1.e7c631423d68cea13d1c.jpg"/>
      <file href="static/media/pergunta2.98fb39bb59409087eb7b.jpg"/>
      <file href="static/media/pergunta3.b326c8ad2c0fbfa604d3.jpg"/>
      <file href="static/media/pergunta4.e479bf075ffbc7eba453.jpg"/>
      <file href="static/media/pergunta5.54898cc9a5137ea1569e.jpg"/>
      <file href="static/media/pergunta6.e5e3fa7eac62193b4c07.jpg"/>
      <file href="static/media/pergunta7.3c1cf7de6f511e15f0a7.jpg"/>
      <file href="static/media/pergunta8.d7d41bb2df4fdf7bc054.png"/>
      <file href="static/media/rei.1641901fd479d1a717ca.png"/>
    </resource>
  </resources>
</manifest>